<?xml version="1.0" encoding="UTF-8" standalone="yes"?>
<addon id="repository.centulus" name="Centulus Repository" version="1.0.0" provider-name="Centulus">
    <extension point="xbmc.addon.repository" name="Centulus Repository">
        <dir>
            <info compressed="false">https://raw.githubusercontent.com/Centulus/kodi-repo-centulus/main/repo/zips/addons.xml</info>
            <checksum>https://raw.githubusercontent.com/Centulus/kodi-repo-centulus/main/repo/zips/addons.xml.md5</checksum>
            <datadir zip="true">https://raw.githubusercontent.com/Centulus/kodi-repo-centulus/main/repo/zips/</datadir>
        </dir>
    </extension>
    <extension point="xbmc.addon.metadata">
        <summary>Centulus personal repository</summary>
        <description>Repository containing Centulus Kodi addons</description>
        <platform>all</platform>
    </extension>
</addon>
